--
-- PostgreSQL database dump
--

-- Dumped from database version 16.10 (Ubuntu 16.10-0ubuntu0.24.04.1)
-- Dumped by pg_dump version 16.10 (Ubuntu 16.10-0ubuntu0.24.04.1)

SET statement_timeout = 0;
SET lock_timeout = 0;
SET idle_in_transaction_session_timeout = 0;
SET client_encoding = 'UTF8';
SET standard_conforming_strings = on;
SELECT pg_catalog.set_config('search_path', '', false);
SET check_function_bodies = false;
SET xmloption = content;
SET client_min_messages = warning;
SET row_security = off;

--
-- Data for Name: people; Type: TABLE DATA; Schema: public; Owner: postgres
--

COPY public.people (id, name, created_at) FROM stdin;
3	M1	2025-09-23 09:16:46.743351+00
4	M2	2025-09-23 09:16:52.47783+00
6	P2	2025-09-23 09:17:01.313231+00
5	P1	2025-09-23 09:16:57.007721+00
1	M0	2025-09-23 09:16:32.50205+00
9	M3	2025-09-23 11:38:28.64012+00
10	P100	2025-09-23 13:03:25.400955+00
\.


--
-- Data for Name: app_data; Type: TABLE DATA; Schema: public; Owner: postgres
--

COPY public.app_data (key, value, updated_by_person_id, updated_at) FROM stdin;
target	Target ID10	1	2025-09-24 14:50:34.860854+00
\.


--
-- Data for Name: iterations; Type: TABLE DATA; Schema: public; Owner: postgres
--

COPY public.iterations (id, name, start_date, end_date, question_set) FROM stdin;
10	Iteration 1	2025-09-24 14:47:32.852033+00	2025-09-24 15:14:14.502775+00	Deep_Analysis_120.json
11	Iteration 2	2025-09-24 15:14:32.413714+00	\N	Pulse_Check_12.json
\.


--
-- Data for Name: organization_units; Type: TABLE DATA; Schema: public; Owner: postgres
--

COPY public.organization_units (id, name, parent_id, iteration_id) FROM stdin;
26	Istra	\N	10
27	Pula	26	10
28	Rijeka	27	10
29	Rovinj	26	10
30	Istra	\N	11
31	Pula	30	11
32	Rijeka	31	11
33	Rovinj	30	11
\.


--
-- Data for Name: person_roles; Type: TABLE DATA; Schema: public; Owner: postgres
--

COPY public.person_roles (id, person_id, org_unit_id, is_manager, description, iteration_id) FROM stdin;
30	1	26	t	Desc ID10	10
32	3	27	t	DM110	10
33	4	28	t	M2ID10	10
34	9	29	t	M3ID10	10
36	3	31	t	DM110	11
37	4	32	t	M2ID10	11
35	1	30	t	Desc ID10\nDesc ID11	11
38	9	33	t	M3ID10\nM3ID11	11
\.


--
-- Data for Name: surveys; Type: TABLE DATA; Schema: public; Owner: postgres
--

COPY public.surveys (id, person_role_id, org_unit_id, survey_type, filename, survey_results, analysis_voxel, analysis_graphs, iteration_id) FROM stdin;
36	30	26	individual	cognitive_data_26_M0_manager.json	[4, 4, 4, 4, 4, 4, 4, 4, 4, 4, 4, 4, 4, 4, 4, 4, 4, 4, 4, 4, 4, 4, 4, 4, 4, 4, 4, 4, 4, 4, 4, 4, 4, 4, 4, 4, 4, 4, 4, 4, 4, 4, 4, 4, 4, 4, 4, 4, 4, 4, 4, 4, 4, 4, 4, 4, 4, 4, 4, 4, 4, 4, 4, 4, 4, 4, 4, 4, 4, 4, 4, 4, 4, 4, 4, 4, 4, 4, 4, 4, 4, 4, 4, 4, 4, 4, 4, 4, 4, 4, 4, 4, 4, 4, 4, 4, 4, 4, 4, 4, 4, 4, 4, 4, 4, 4, 4, 4, 4, 4, 4, 4, 4, 4, 4, 1, 4, 4, 4, 4]	{"mean": {"x": 4, "y": 4, "z": 3.92}, "mode": {"x": 4, "y": 4, "z": 4}, "roundedMean": {"x": 4, "y": 4, "z": 4}}	{"familiarity": {"mean": 4, "distribution_data": [0.0044, 0.006, 0.0079, 0.0104, 0.0136, 0.0175, 0.0224, 0.0283, 0.0355, 0.044, 0.054, 0.0656, 0.079, 0.094, 0.1109, 0.1295, 0.1497, 0.1714, 0.1942, 0.2179, 0.242, 0.2661, 0.2897, 0.3123, 0.3332, 0.3521, 0.3683, 0.3814, 0.391, 0.397, 0.3989, 0.397, 0.391, 0.3814, 0.3683, 0.3521, 0.3332, 0.3123, 0.2897, 0.2661, 0.242, 0.2179, 0.1942, 0.1714, 0.1497, 0.1295, 0.1109, 0.094, 0.079, 0.0656, 0.054, 0.044, 0.0355, 0.0283, 0.0224, 0.0175, 0.0136, 0.0104, 0.0079, 0.006, 0.0044, 0.0033, 0.0024, 0.0017, 0.0012, 0.0009, 0.0006, 0.0004, 0.0003, 0.0002, 0.0001]}, "cognitive_load": {"mean": 3.92, "distribution_data": [0.0055, 0.0074, 0.0097, 0.0127, 0.0165, 0.0211, 0.0267, 0.0336, 0.0417, 0.0513, 0.0626, 0.0755, 0.0901, 0.1065, 0.1247, 0.1445, 0.1658, 0.1884, 0.2119, 0.2359, 0.2601, 0.2839, 0.3067, 0.3282, 0.3476, 0.3645, 0.3784, 0.389, 0.3958, 0.3988, 0.3978, 0.3929, 0.3841, 0.3719, 0.3564, 0.3382, 0.3177, 0.2955, 0.2721, 0.248, 0.2239, 0.2, 0.177, 0.155, 0.1344, 0.1154, 0.0981, 0.0826, 0.0688, 0.0567, 0.0463, 0.0375, 0.03, 0.0238, 0.0187, 0.0145, 0.0111, 0.0085, 0.0064, 0.0048, 0.0035, 0.0026, 0.0019, 0.0013, 0.001, 0.0007, 0.0005, 0.0003, 0.0002, 0.0001, 0.0001]}, "knowledge_density": {"mean": 4, "distribution_data": [0.0044, 0.006, 0.0079, 0.0104, 0.0136, 0.0175, 0.0224, 0.0283, 0.0355, 0.044, 0.054, 0.0656, 0.079, 0.094, 0.1109, 0.1295, 0.1497, 0.1714, 0.1942, 0.2179, 0.242, 0.2661, 0.2897, 0.3123, 0.3332, 0.3521, 0.3683, 0.3814, 0.391, 0.397, 0.3989, 0.397, 0.391, 0.3814, 0.3683, 0.3521, 0.3332, 0.3123, 0.2897, 0.2661, 0.242, 0.2179, 0.1942, 0.1714, 0.1497, 0.1295, 0.1109, 0.094, 0.079, 0.0656, 0.054, 0.044, 0.0355, 0.0283, 0.0224, 0.0175, 0.0136, 0.0104, 0.0079, 0.006, 0.0044, 0.0033, 0.0024, 0.0017, 0.0012, 0.0009, 0.0006, 0.0004, 0.0003, 0.0002, 0.0001]}}	10
37	32	27	individual	cognitive_data_27_M1_manager.json	[4, 4, 4, 4, 1, 4, 4, 4, 4, 4, 4, 4, 4, 4, 4, 4, 4, 4, 4, 4, 4, 4, 4, 4, 4, 4, 4, 4, 4, 4, 4, 4, 4, 4, 4, 4, 4, 4, 4, 4, 4, 4, 4, 4, 4, 4, 4, 4, 4, 4, 4, 4, 4, 4, 4, 4, 4, 4, 4, 4, 4, 4, 4, 4, 4, 4, 4, 4, 4, 4, 4, 4, 4, 4, 4, 4, 4, 4, 4, 4, 4, 4, 4, 4, 4, 4, 4, 4, 4, 4, 4, 4, 4, 4, 4, 4, 4, 4, 4, 4, 4, 4, 4, 4, 4, 4, 4, 4, 4, 4, 4, 4, 4, 4, 4, 4, 4, 4, 4, 4]	{"mean": {"x": 3.92, "y": 4, "z": 4}, "mode": {"x": 4, "y": 4, "z": 4}, "roundedMean": {"x": 4, "y": 4, "z": 4}}	{"familiarity": {"mean": 4, "distribution_data": [0.0044, 0.006, 0.0079, 0.0104, 0.0136, 0.0175, 0.0224, 0.0283, 0.0355, 0.044, 0.054, 0.0656, 0.079, 0.094, 0.1109, 0.1295, 0.1497, 0.1714, 0.1942, 0.2179, 0.242, 0.2661, 0.2897, 0.3123, 0.3332, 0.3521, 0.3683, 0.3814, 0.391, 0.397, 0.3989, 0.397, 0.391, 0.3814, 0.3683, 0.3521, 0.3332, 0.3123, 0.2897, 0.2661, 0.242, 0.2179, 0.1942, 0.1714, 0.1497, 0.1295, 0.1109, 0.094, 0.079, 0.0656, 0.054, 0.044, 0.0355, 0.0283, 0.0224, 0.0175, 0.0136, 0.0104, 0.0079, 0.006, 0.0044, 0.0033, 0.0024, 0.0017, 0.0012, 0.0009, 0.0006, 0.0004, 0.0003, 0.0002, 0.0001]}, "cognitive_load": {"mean": 4, "distribution_data": [0.0044, 0.006, 0.0079, 0.0104, 0.0136, 0.0175, 0.0224, 0.0283, 0.0355, 0.044, 0.054, 0.0656, 0.079, 0.094, 0.1109, 0.1295, 0.1497, 0.1714, 0.1942, 0.2179, 0.242, 0.2661, 0.2897, 0.3123, 0.3332, 0.3521, 0.3683, 0.3814, 0.391, 0.397, 0.3989, 0.397, 0.391, 0.3814, 0.3683, 0.3521, 0.3332, 0.3123, 0.2897, 0.2661, 0.242, 0.2179, 0.1942, 0.1714, 0.1497, 0.1295, 0.1109, 0.094, 0.079, 0.0656, 0.054, 0.044, 0.0355, 0.0283, 0.0224, 0.0175, 0.0136, 0.0104, 0.0079, 0.006, 0.0044, 0.0033, 0.0024, 0.0017, 0.0012, 0.0009, 0.0006, 0.0004, 0.0003, 0.0002, 0.0001]}, "knowledge_density": {"mean": 3.92, "distribution_data": [0.0055, 0.0074, 0.0097, 0.0127, 0.0165, 0.0211, 0.0267, 0.0336, 0.0417, 0.0513, 0.0626, 0.0755, 0.0901, 0.1065, 0.1247, 0.1445, 0.1658, 0.1884, 0.2119, 0.2359, 0.2601, 0.2839, 0.3067, 0.3282, 0.3476, 0.3645, 0.3784, 0.389, 0.3958, 0.3988, 0.3978, 0.3929, 0.3841, 0.3719, 0.3564, 0.3382, 0.3177, 0.2955, 0.2721, 0.248, 0.2239, 0.2, 0.177, 0.155, 0.1344, 0.1154, 0.0981, 0.0826, 0.0688, 0.0567, 0.0463, 0.0375, 0.03, 0.0238, 0.0187, 0.0145, 0.0111, 0.0085, 0.0064, 0.0048, 0.0035, 0.0026, 0.0019, 0.0013, 0.001, 0.0007, 0.0005, 0.0003, 0.0002, 0.0001, 0.0001]}}	10
38	\N	27	calculated	calc_27.json	[4, 4, 4, 4, 1, 4, 4, 4, 4, 4, 4, 4, 4, 4, 4, 4, 4, 4, 4, 4, 4, 4, 4, 4, 4, 4, 4, 4, 4, 4, 4, 4, 4, 4, 4, 4, 4, 4, 4, 4, 4, 4, 4, 4, 4, 4, 4, 4, 4, 4, 4, 4, 4, 4, 4, 4, 4, 4, 4, 4, 4, 4, 4, 4, 4, 4, 4, 4, 4, 4, 4, 4, 4, 4, 4, 4, 4, 4, 4, 4, 4, 4, 4, 4, 4, 4, 4, 4, 4, 4, 4, 4, 4, 4, 4, 4, 4, 4, 4, 4, 4, 4, 4, 4, 4, 4, 4, 4, 4, 4, 4, 4, 4, 4, 4, 4, 4, 4, 4, 4]	{"mean": {"x": 3.92, "y": 4, "z": 4}, "mode": {"x": 4, "y": 4, "z": 4}, "roundedMean": {"x": 4, "y": 4, "z": 4}}	{"familiarity": {"mean": 4, "distribution_data": [0.0044, 0.006, 0.0079, 0.0104, 0.0136, 0.0175, 0.0224, 0.0283, 0.0355, 0.044, 0.054, 0.0656, 0.079, 0.094, 0.1109, 0.1295, 0.1497, 0.1714, 0.1942, 0.2179, 0.242, 0.2661, 0.2897, 0.3123, 0.3332, 0.3521, 0.3683, 0.3814, 0.391, 0.397, 0.3989, 0.397, 0.391, 0.3814, 0.3683, 0.3521, 0.3332, 0.3123, 0.2897, 0.2661, 0.242, 0.2179, 0.1942, 0.1714, 0.1497, 0.1295, 0.1109, 0.094, 0.079, 0.0656, 0.054, 0.044, 0.0355, 0.0283, 0.0224, 0.0175, 0.0136, 0.0104, 0.0079, 0.006, 0.0044, 0.0033, 0.0024, 0.0017, 0.0012, 0.0009, 0.0006, 0.0004, 0.0003, 0.0002, 0.0001]}, "cognitive_load": {"mean": 4, "distribution_data": [0.0044, 0.006, 0.0079, 0.0104, 0.0136, 0.0175, 0.0224, 0.0283, 0.0355, 0.044, 0.054, 0.0656, 0.079, 0.094, 0.1109, 0.1295, 0.1497, 0.1714, 0.1942, 0.2179, 0.242, 0.2661, 0.2897, 0.3123, 0.3332, 0.3521, 0.3683, 0.3814, 0.391, 0.397, 0.3989, 0.397, 0.391, 0.3814, 0.3683, 0.3521, 0.3332, 0.3123, 0.2897, 0.2661, 0.242, 0.2179, 0.1942, 0.1714, 0.1497, 0.1295, 0.1109, 0.094, 0.079, 0.0656, 0.054, 0.044, 0.0355, 0.0283, 0.0224, 0.0175, 0.0136, 0.0104, 0.0079, 0.006, 0.0044, 0.0033, 0.0024, 0.0017, 0.0012, 0.0009, 0.0006, 0.0004, 0.0003, 0.0002, 0.0001]}, "knowledge_density": {"mean": 3.92, "distribution_data": [0.0055, 0.0074, 0.0097, 0.0127, 0.0165, 0.0211, 0.0267, 0.0336, 0.0417, 0.0513, 0.0626, 0.0755, 0.0901, 0.1065, 0.1247, 0.1445, 0.1658, 0.1884, 0.2119, 0.2359, 0.2601, 0.2839, 0.3067, 0.3282, 0.3476, 0.3645, 0.3784, 0.389, 0.3958, 0.3988, 0.3978, 0.3929, 0.3841, 0.3719, 0.3564, 0.3382, 0.3177, 0.2955, 0.2721, 0.248, 0.2239, 0.2, 0.177, 0.155, 0.1344, 0.1154, 0.0981, 0.0826, 0.0688, 0.0567, 0.0463, 0.0375, 0.03, 0.0238, 0.0187, 0.0145, 0.0111, 0.0085, 0.0064, 0.0048, 0.0035, 0.0026, 0.0019, 0.0013, 0.001, 0.0007, 0.0005, 0.0003, 0.0002, 0.0001, 0.0001]}}	10
39	33	28	individual	cognitive_data_28_M2_manager.json	[4, 4, 4, 4, 4, 4, 4, 4, 4, 4, 4, 4, 4, 4, 4, 4, 4, 4, 4, 4, 4, 4, 4, 4, 4, 4, 4, 4, 4, 4, 4, 4, 4, 4, 4, 4, 4, 4, 4, 4, 4, 4, 4, 4, 4, 4, 4, 4, 4, 4, 4, 4, 4, 4, 4, 4, 4, 4, 4, 4, 4, 4, 4, 4, 4, 4, 4, 4, 4, 4, 4, 4, 4, 4, 4, 4, 4, 4, 4, 4, 4, 4, 4, 4, 4, 4, 4, 4, 4, 4, 4, 4, 4, 4, 4, 4, 4, 4, 4, 4, 4, 4, 4, 4, 4, 4, 4, 4, 4, 4, 4, 4, 4, 4, 4, 4, 4, 4, 1, 1]	{"mean": {"x": 4, "y": 4, "z": 3.85}, "mode": {"x": 4, "y": 4, "z": 4}, "roundedMean": {"x": 4, "y": 4, "z": 4}}	{"familiarity": {"mean": 4, "distribution_data": [0.0044, 0.006, 0.0079, 0.0104, 0.0136, 0.0175, 0.0224, 0.0283, 0.0355, 0.044, 0.054, 0.0656, 0.079, 0.094, 0.1109, 0.1295, 0.1497, 0.1714, 0.1942, 0.2179, 0.242, 0.2661, 0.2897, 0.3123, 0.3332, 0.3521, 0.3683, 0.3814, 0.391, 0.397, 0.3989, 0.397, 0.391, 0.3814, 0.3683, 0.3521, 0.3332, 0.3123, 0.2897, 0.2661, 0.242, 0.2179, 0.1942, 0.1714, 0.1497, 0.1295, 0.1109, 0.094, 0.079, 0.0656, 0.054, 0.044, 0.0355, 0.0283, 0.0224, 0.0175, 0.0136, 0.0104, 0.0079, 0.006, 0.0044, 0.0033, 0.0024, 0.0017, 0.0012, 0.0009, 0.0006, 0.0004, 0.0003, 0.0002, 0.0001]}, "cognitive_load": {"mean": 3.85, "distribution_data": [0.0069, 0.0091, 0.0119, 0.0154, 0.0198, 0.0252, 0.0317, 0.0396, 0.0488, 0.0596, 0.0721, 0.0863, 0.1023, 0.12, 0.1394, 0.1604, 0.1826, 0.2059, 0.2299, 0.2541, 0.278, 0.3011, 0.323, 0.3429, 0.3605, 0.3752, 0.3867, 0.3945, 0.3984, 0.3984, 0.3945, 0.3867, 0.3752, 0.3605, 0.3429, 0.323, 0.3011, 0.278, 0.2541, 0.2299, 0.2059, 0.1826, 0.1604, 0.1394, 0.12, 0.1023, 0.0863, 0.0721, 0.0596, 0.0488, 0.0396, 0.0317, 0.0252, 0.0198, 0.0154, 0.0119, 0.0091, 0.0069, 0.0051, 0.0038, 0.0028, 0.002, 0.0015, 0.001, 0.0007, 0.0005, 0.0004, 0.0002, 0.0002, 0.0001, 0.0001]}, "knowledge_density": {"mean": 4, "distribution_data": [0.0044, 0.006, 0.0079, 0.0104, 0.0136, 0.0175, 0.0224, 0.0283, 0.0355, 0.044, 0.054, 0.0656, 0.079, 0.094, 0.1109, 0.1295, 0.1497, 0.1714, 0.1942, 0.2179, 0.242, 0.2661, 0.2897, 0.3123, 0.3332, 0.3521, 0.3683, 0.3814, 0.391, 0.397, 0.3989, 0.397, 0.391, 0.3814, 0.3683, 0.3521, 0.3332, 0.3123, 0.2897, 0.2661, 0.242, 0.2179, 0.1942, 0.1714, 0.1497, 0.1295, 0.1109, 0.094, 0.079, 0.0656, 0.054, 0.044, 0.0355, 0.0283, 0.0224, 0.0175, 0.0136, 0.0104, 0.0079, 0.006, 0.0044, 0.0033, 0.0024, 0.0017, 0.0012, 0.0009, 0.0006, 0.0004, 0.0003, 0.0002, 0.0001]}}	10
40	\N	28	calculated	calc_28.json	[4, 4, 4, 4, 4, 4, 4, 4, 4, 4, 4, 4, 4, 4, 4, 4, 4, 4, 4, 4, 4, 4, 4, 4, 4, 4, 4, 4, 4, 4, 4, 4, 4, 4, 4, 4, 4, 4, 4, 4, 4, 4, 4, 4, 4, 4, 4, 4, 4, 4, 4, 4, 4, 4, 4, 4, 4, 4, 4, 4, 4, 4, 4, 4, 4, 4, 4, 4, 4, 4, 4, 4, 4, 4, 4, 4, 4, 4, 4, 4, 4, 4, 4, 4, 4, 4, 4, 4, 4, 4, 4, 4, 4, 4, 4, 4, 4, 4, 4, 4, 4, 4, 4, 4, 4, 4, 4, 4, 4, 4, 4, 4, 4, 4, 4, 4, 4, 4, 1, 1]	{"mean": {"x": 4, "y": 4, "z": 3.85}, "mode": {"x": 4, "y": 4, "z": 4}, "roundedMean": {"x": 4, "y": 4, "z": 4}}	{"familiarity": {"mean": 4, "distribution_data": [0.0044, 0.006, 0.0079, 0.0104, 0.0136, 0.0175, 0.0224, 0.0283, 0.0355, 0.044, 0.054, 0.0656, 0.079, 0.094, 0.1109, 0.1295, 0.1497, 0.1714, 0.1942, 0.2179, 0.242, 0.2661, 0.2897, 0.3123, 0.3332, 0.3521, 0.3683, 0.3814, 0.391, 0.397, 0.3989, 0.397, 0.391, 0.3814, 0.3683, 0.3521, 0.3332, 0.3123, 0.2897, 0.2661, 0.242, 0.2179, 0.1942, 0.1714, 0.1497, 0.1295, 0.1109, 0.094, 0.079, 0.0656, 0.054, 0.044, 0.0355, 0.0283, 0.0224, 0.0175, 0.0136, 0.0104, 0.0079, 0.006, 0.0044, 0.0033, 0.0024, 0.0017, 0.0012, 0.0009, 0.0006, 0.0004, 0.0003, 0.0002, 0.0001]}, "cognitive_load": {"mean": 3.85, "distribution_data": [0.0069, 0.0091, 0.0119, 0.0154, 0.0198, 0.0252, 0.0317, 0.0396, 0.0488, 0.0596, 0.0721, 0.0863, 0.1023, 0.12, 0.1394, 0.1604, 0.1826, 0.2059, 0.2299, 0.2541, 0.278, 0.3011, 0.323, 0.3429, 0.3605, 0.3752, 0.3867, 0.3945, 0.3984, 0.3984, 0.3945, 0.3867, 0.3752, 0.3605, 0.3429, 0.323, 0.3011, 0.278, 0.2541, 0.2299, 0.2059, 0.1826, 0.1604, 0.1394, 0.12, 0.1023, 0.0863, 0.0721, 0.0596, 0.0488, 0.0396, 0.0317, 0.0252, 0.0198, 0.0154, 0.0119, 0.0091, 0.0069, 0.0051, 0.0038, 0.0028, 0.002, 0.0015, 0.001, 0.0007, 0.0005, 0.0004, 0.0002, 0.0002, 0.0001, 0.0001]}, "knowledge_density": {"mean": 4, "distribution_data": [0.0044, 0.006, 0.0079, 0.0104, 0.0136, 0.0175, 0.0224, 0.0283, 0.0355, 0.044, 0.054, 0.0656, 0.079, 0.094, 0.1109, 0.1295, 0.1497, 0.1714, 0.1942, 0.2179, 0.242, 0.2661, 0.2897, 0.3123, 0.3332, 0.3521, 0.3683, 0.3814, 0.391, 0.397, 0.3989, 0.397, 0.391, 0.3814, 0.3683, 0.3521, 0.3332, 0.3123, 0.2897, 0.2661, 0.242, 0.2179, 0.1942, 0.1714, 0.1497, 0.1295, 0.1109, 0.094, 0.079, 0.0656, 0.054, 0.044, 0.0355, 0.0283, 0.0224, 0.0175, 0.0136, 0.0104, 0.0079, 0.006, 0.0044, 0.0033, 0.0024, 0.0017, 0.0012, 0.0009, 0.0006, 0.0004, 0.0003, 0.0002, 0.0001]}}	10
41	34	29	individual	cognitive_data_29_M3_manager.json	[4, 4, 4, 4, 4, 4, 4, 4, 4, 4, 4, 4, 4, 4, 4, 4, 4, 4, 4, 4, 4, 4, 4, 4, 4, 4, 4, 4, 4, 4, 4, 4, 4, 4, 4, 4, 4, 4, 4, 4, 4, 4, 4, 4, 4, 4, 4, 4, 4, 4, 4, 4, 4, 4, 4, 4, 4, 4, 4, 4, 4, 4, 4, 4, 4, 4, 4, 4, 4, 4, 4, 4, 4, 4, 4, 4, 4, 4, 4, 4, 4, 4, 4, 4, 4, 4, 4, 4, 4, 4, 4, 4, 4, 4, 4, 4, 4, 4, 4, 4, 4, 4, 4, 4, 4, 4, 4, 4, 4, 4, 4, 4, 8, 4, 4, 4, 4, 8, 8, 1]	{"mean": {"x": 4, "y": 4, "z": 4.22}, "mode": {"x": 4, "y": 4, "z": 4}, "roundedMean": {"x": 4, "y": 4, "z": 4}}	{"familiarity": {"mean": 4, "distribution_data": [0.0044, 0.006, 0.0079, 0.0104, 0.0136, 0.0175, 0.0224, 0.0283, 0.0355, 0.044, 0.054, 0.0656, 0.079, 0.094, 0.1109, 0.1295, 0.1497, 0.1714, 0.1942, 0.2179, 0.242, 0.2661, 0.2897, 0.3123, 0.3332, 0.3521, 0.3683, 0.3814, 0.391, 0.397, 0.3989, 0.397, 0.391, 0.3814, 0.3683, 0.3521, 0.3332, 0.3123, 0.2897, 0.2661, 0.242, 0.2179, 0.1942, 0.1714, 0.1497, 0.1295, 0.1109, 0.094, 0.079, 0.0656, 0.054, 0.044, 0.0355, 0.0283, 0.0224, 0.0175, 0.0136, 0.0104, 0.0079, 0.006, 0.0044, 0.0033, 0.0024, 0.0017, 0.0012, 0.0009, 0.0006, 0.0004, 0.0003, 0.0002, 0.0001]}, "cognitive_load": {"mean": 4.22, "distribution_data": [0.0022, 0.003, 0.0041, 0.0055, 0.0074, 0.0097, 0.0127, 0.0165, 0.0211, 0.0267, 0.0336, 0.0417, 0.0513, 0.0626, 0.0755, 0.0901, 0.1065, 0.1247, 0.1445, 0.1658, 0.1884, 0.2119, 0.2359, 0.2601, 0.2839, 0.3067, 0.3282, 0.3476, 0.3645, 0.3784, 0.389, 0.3958, 0.3988, 0.3978, 0.3929, 0.3841, 0.3719, 0.3564, 0.3382, 0.3177, 0.2955, 0.2721, 0.248, 0.2239, 0.2, 0.177, 0.155, 0.1344, 0.1154, 0.0981, 0.0826, 0.0688, 0.0567, 0.0463, 0.0375, 0.03, 0.0238, 0.0187, 0.0145, 0.0111, 0.0085, 0.0064, 0.0048, 0.0035, 0.0026, 0.0019, 0.0013, 0.001, 0.0007, 0.0005, 0.0003]}, "knowledge_density": {"mean": 4, "distribution_data": [0.0044, 0.006, 0.0079, 0.0104, 0.0136, 0.0175, 0.0224, 0.0283, 0.0355, 0.044, 0.054, 0.0656, 0.079, 0.094, 0.1109, 0.1295, 0.1497, 0.1714, 0.1942, 0.2179, 0.242, 0.2661, 0.2897, 0.3123, 0.3332, 0.3521, 0.3683, 0.3814, 0.391, 0.397, 0.3989, 0.397, 0.391, 0.3814, 0.3683, 0.3521, 0.3332, 0.3123, 0.2897, 0.2661, 0.242, 0.2179, 0.1942, 0.1714, 0.1497, 0.1295, 0.1109, 0.094, 0.079, 0.0656, 0.054, 0.044, 0.0355, 0.0283, 0.0224, 0.0175, 0.0136, 0.0104, 0.0079, 0.006, 0.0044, 0.0033, 0.0024, 0.0017, 0.0012, 0.0009, 0.0006, 0.0004, 0.0003, 0.0002, 0.0001]}}	10
42	\N	29	calculated	calc_29.json	[4, 4, 4, 4, 4, 4, 4, 4, 4, 4, 4, 4, 4, 4, 4, 4, 4, 4, 4, 4, 4, 4, 4, 4, 4, 4, 4, 4, 4, 4, 4, 4, 4, 4, 4, 4, 4, 4, 4, 4, 4, 4, 4, 4, 4, 4, 4, 4, 4, 4, 4, 4, 4, 4, 4, 4, 4, 4, 4, 4, 4, 4, 4, 4, 4, 4, 4, 4, 4, 4, 4, 4, 4, 4, 4, 4, 4, 4, 4, 4, 4, 4, 4, 4, 4, 4, 4, 4, 4, 4, 4, 4, 4, 4, 4, 4, 4, 4, 4, 4, 4, 4, 4, 4, 4, 4, 4, 4, 4, 4, 4, 4, 8, 4, 4, 4, 4, 8, 8, 1]	{"mean": {"x": 4, "y": 4, "z": 4.22}, "mode": {"x": 4, "y": 4, "z": 4}, "roundedMean": {"x": 4, "y": 4, "z": 4}}	{"familiarity": {"mean": 4, "distribution_data": [0.0044, 0.006, 0.0079, 0.0104, 0.0136, 0.0175, 0.0224, 0.0283, 0.0355, 0.044, 0.054, 0.0656, 0.079, 0.094, 0.1109, 0.1295, 0.1497, 0.1714, 0.1942, 0.2179, 0.242, 0.2661, 0.2897, 0.3123, 0.3332, 0.3521, 0.3683, 0.3814, 0.391, 0.397, 0.3989, 0.397, 0.391, 0.3814, 0.3683, 0.3521, 0.3332, 0.3123, 0.2897, 0.2661, 0.242, 0.2179, 0.1942, 0.1714, 0.1497, 0.1295, 0.1109, 0.094, 0.079, 0.0656, 0.054, 0.044, 0.0355, 0.0283, 0.0224, 0.0175, 0.0136, 0.0104, 0.0079, 0.006, 0.0044, 0.0033, 0.0024, 0.0017, 0.0012, 0.0009, 0.0006, 0.0004, 0.0003, 0.0002, 0.0001]}, "cognitive_load": {"mean": 4.22, "distribution_data": [0.0022, 0.003, 0.0041, 0.0055, 0.0074, 0.0097, 0.0127, 0.0165, 0.0211, 0.0267, 0.0336, 0.0417, 0.0513, 0.0626, 0.0755, 0.0901, 0.1065, 0.1247, 0.1445, 0.1658, 0.1884, 0.2119, 0.2359, 0.2601, 0.2839, 0.3067, 0.3282, 0.3476, 0.3645, 0.3784, 0.389, 0.3958, 0.3988, 0.3978, 0.3929, 0.3841, 0.3719, 0.3564, 0.3382, 0.3177, 0.2955, 0.2721, 0.248, 0.2239, 0.2, 0.177, 0.155, 0.1344, 0.1154, 0.0981, 0.0826, 0.0688, 0.0567, 0.0463, 0.0375, 0.03, 0.0238, 0.0187, 0.0145, 0.0111, 0.0085, 0.0064, 0.0048, 0.0035, 0.0026, 0.0019, 0.0013, 0.001, 0.0007, 0.0005, 0.0003]}, "knowledge_density": {"mean": 4, "distribution_data": [0.0044, 0.006, 0.0079, 0.0104, 0.0136, 0.0175, 0.0224, 0.0283, 0.0355, 0.044, 0.054, 0.0656, 0.079, 0.094, 0.1109, 0.1295, 0.1497, 0.1714, 0.1942, 0.2179, 0.242, 0.2661, 0.2897, 0.3123, 0.3332, 0.3521, 0.3683, 0.3814, 0.391, 0.397, 0.3989, 0.397, 0.391, 0.3814, 0.3683, 0.3521, 0.3332, 0.3123, 0.2897, 0.2661, 0.242, 0.2179, 0.1942, 0.1714, 0.1497, 0.1295, 0.1109, 0.094, 0.079, 0.0656, 0.054, 0.044, 0.0355, 0.0283, 0.0224, 0.0175, 0.0136, 0.0104, 0.0079, 0.006, 0.0044, 0.0033, 0.0024, 0.0017, 0.0012, 0.0009, 0.0006, 0.0004, 0.0003, 0.0002, 0.0001]}}	10
43	\N	26	calculated	calc_26.json	[4, 4, 4, 4, 3.25, 4, 4, 4, 4, 4, 4, 4, 4, 4, 4, 4, 4, 4, 4, 4, 4, 4, 4, 4, 4, 4, 4, 4, 4, 4, 4, 4, 4, 4, 4, 4, 4, 4, 4, 4, 4, 4, 4, 4, 4, 4, 4, 4, 4, 4, 4, 4, 4, 4, 4, 4, 4, 4, 4, 4, 4, 4, 4, 4, 4, 4, 4, 4, 4, 4, 4, 4, 4, 4, 4, 4, 4, 4, 4, 4, 4, 4, 4, 4, 4, 4, 4, 4, 4, 4, 4, 4, 4, 4, 4, 4, 4, 4, 4, 4, 4, 4, 4, 4, 4, 4, 4, 4, 4, 4, 4, 4, 5, 4, 4, 3.25, 4, 5, 4.25, 2.5]	{"mean": {"x": 3.98, "y": 4, "z": 4}, "mode": {"x": 4, "y": 4, "z": 4}, "roundedMean": {"x": 4, "y": 4, "z": 4}}	{"familiarity": {"mean": 4, "distribution_data": [0.0044, 0.006, 0.0079, 0.0104, 0.0136, 0.0175, 0.0224, 0.0283, 0.0355, 0.044, 0.054, 0.0656, 0.079, 0.094, 0.1109, 0.1295, 0.1497, 0.1714, 0.1942, 0.2179, 0.242, 0.2661, 0.2897, 0.3123, 0.3332, 0.3521, 0.3683, 0.3814, 0.391, 0.397, 0.3989, 0.397, 0.391, 0.3814, 0.3683, 0.3521, 0.3332, 0.3123, 0.2897, 0.2661, 0.242, 0.2179, 0.1942, 0.1714, 0.1497, 0.1295, 0.1109, 0.094, 0.079, 0.0656, 0.054, 0.044, 0.0355, 0.0283, 0.0224, 0.0175, 0.0136, 0.0104, 0.0079, 0.006, 0.0044, 0.0033, 0.0024, 0.0017, 0.0012, 0.0009, 0.0006, 0.0004, 0.0003, 0.0002, 0.0001]}, "cognitive_load": {"mean": 4, "distribution_data": [0.0044, 0.006, 0.0079, 0.0104, 0.0136, 0.0175, 0.0224, 0.0283, 0.0355, 0.044, 0.054, 0.0656, 0.079, 0.094, 0.1109, 0.1295, 0.1497, 0.1714, 0.1942, 0.2179, 0.242, 0.2661, 0.2897, 0.3123, 0.3332, 0.3521, 0.3683, 0.3814, 0.391, 0.397, 0.3989, 0.397, 0.391, 0.3814, 0.3683, 0.3521, 0.3332, 0.3123, 0.2897, 0.2661, 0.242, 0.2179, 0.1942, 0.1714, 0.1497, 0.1295, 0.1109, 0.094, 0.079, 0.0656, 0.054, 0.044, 0.0355, 0.0283, 0.0224, 0.0175, 0.0136, 0.0104, 0.0079, 0.006, 0.0044, 0.0033, 0.0024, 0.0017, 0.0012, 0.0009, 0.0006, 0.0004, 0.0003, 0.0002, 0.0001]}, "knowledge_density": {"mean": 3.98, "distribution_data": [0.0047, 0.0063, 0.0083, 0.011, 0.0143, 0.0184, 0.0234, 0.0296, 0.037, 0.0457, 0.056, 0.068, 0.0816, 0.0971, 0.1143, 0.1332, 0.1537, 0.1756, 0.1986, 0.2224, 0.2465, 0.2706, 0.294, 0.3163, 0.3369, 0.3553, 0.371, 0.3835, 0.3924, 0.3976, 0.3989, 0.3961, 0.3895, 0.3792, 0.3655, 0.3487, 0.3294, 0.3081, 0.2853, 0.2616, 0.2374, 0.2134, 0.1898, 0.1672, 0.1458, 0.1259, 0.1076, 0.0911, 0.0763, 0.0633, 0.052, 0.0423, 0.034, 0.0271, 0.0214, 0.0167, 0.0129, 0.0099, 0.0075, 0.0056, 0.0042, 0.0031, 0.0022, 0.0016, 0.0012, 0.0008, 0.0006, 0.0004, 0.0003, 0.0002, 0.0001]}}	10
\.


--
-- Name: iterations_id_seq; Type: SEQUENCE SET; Schema: public; Owner: postgres
--

SELECT pg_catalog.setval('public.iterations_id_seq', 11, true);


--
-- Name: organization_units_id_seq; Type: SEQUENCE SET; Schema: public; Owner: postgres
--

SELECT pg_catalog.setval('public.organization_units_id_seq', 33, true);


--
-- Name: people_id_seq; Type: SEQUENCE SET; Schema: public; Owner: postgres
--

SELECT pg_catalog.setval('public.people_id_seq', 10, true);


--
-- Name: person_roles_id_seq; Type: SEQUENCE SET; Schema: public; Owner: postgres
--

SELECT pg_catalog.setval('public.person_roles_id_seq', 38, true);


--
-- Name: surveys_id_seq; Type: SEQUENCE SET; Schema: public; Owner: postgres
--

SELECT pg_catalog.setval('public.surveys_id_seq', 43, true);


--
-- PostgreSQL database dump complete
--

